<?xml version="1.0" encoding="UTF-8"?>
<infoList vendor="NXP">&#x0A;<info chip="LPC55S69" name="LPC55S69">&#x0A;<chip>&#x0A;<name>LPC55S69</name>&#x0A;<family>LPC55S6x</family>&#x0A;<vendor>NXP</vendor>&#x0A;<memory can_program="true" id="Flash" is_ro="true" size="630" type="Flash"/>&#x0A;<memory id="RAM" size="304" type="RAM"/>&#x0A;<memoryInstance derived_from="Flash" driver="LPC55xx.cfx" id="PROGRAM_FLASH" location="0x10000" size="0x72000"/>&#x0A;<memoryInstance derived_from="RAM" id="Ram0" location="0x20008000" size="0x2b000"/>&#x0A;</chip>&#x0A;<processor>&#x0A;<name gcc_name="cortex-m33">Cortex-M33</name>&#x0A;<family>Cortex-M</family>&#x0A;</processor>&#x0A;<processor>&#x0A;<name gcc_name="cortex-m33-nodsp">Cortex-M33 (No DSP)</name>&#x0A;<family>Cortex-M</family>&#x0A;</processor>&#x0A;</info>&#x0A;</infoList>
